序号,协议类型,消息前缀,静态示例,参数说明,后端参数匹配,源文件,前端用途说明,后端用途待确认,后端处理说明
1,Broadcast_Msg,CloseWebView,CloseWebView,无参数（仅 message 文本）。 [与后端对照: 不适用],不适用,src/App.vue,通知宿主/外壳关闭内嵌 WebView 或返回主应用（如 QuitToMainApp）；与 $bus CloseWebView 联动。,广播类型，未必由 Qt Server 解析；消费方依部署（浏览器壳/进程管理器）。,"非 MainWindow 文本命令；见前端 App.vue sendMessage('Broadcast_Msg','CloseWebView')。"
2,Process_Command_Return,VueClientVersion:,VueClientVersion:,parts[1]: string，Vue 前端构建版本号。 [与后端对照: 是],是,src/App.vue,上报 Vue 前端构建版本，供宿主侧版本检查/更新策略。,已由 Process 侧解析；触发 checkVueClientVersion 等逻辑。,QUARCS_Process/src/quarcsmonitor.cpp::QuarcsMonitor（Process_Command_Return） 处理 VueClientVersion 分段；与强制更新流程相关。
3,Process_Command_Return,restartQtServer,restartQtServer,无参数。 [与后端对照: 是],是,src/components/gui.vue,用户确认后请求重启 Qt 服务进程（如崩溃/卡死对话框）。,已由 Process 侧解析并执行重启 Qt Server。,QUARCS_Process/src/quarcsmonitor.cpp::QuarcsMonitor（Process_Command_Return） 分支 restartQtServer；见 gui.vue 确认后 AppSendMessage。
4,Vue_Command,AutoFlip:,AutoFlip:,parts[1]: bool 字符串 true/false。 [与后端对照: 是],是,src/App.vue,设置是否启用子午线翻转相关自动逻辑（默认/真值路径）。,同上。,"QUARCS_QT-SeverProgram/src/mainwindow.cpp::MainWindow::onMessageReceived | parts[0]==""AutoFlip"""
5,Vue_Command,AutoFlip:,AutoFlip:false,parts[1]: bool 字符串 true/false。 [与后端对照: 是],是,src/components/MeridianFlipNotifier.vue,设置是否启用子午线翻转前自动流程（与 MeridianFlipNotifier 一致）。,与赤道仪/计划任务策略相关；由 Qt 保存或应用。,"QUARCS_QT-SeverProgram/src/mainwindow.cpp::MainWindow::onMessageReceived | parts[0]==""AutoFlip""，载荷为 true/false"
6,Vue_Command,AutoFlip:,AutoFlip:true,parts[1]: bool 字符串 true/false。 [与后端对照: 是],是,src/components/MeridianFlipNotifier.vue,设置是否启用子午线翻转相关自动逻辑（默认/真值路径）。,同上。,"QUARCS_QT-SeverProgram/src/mainwindow.cpp::MainWindow::onMessageReceived | parts[0]==""AutoFlip"""
7,Vue_Command,AutoFocus Exposure Time (ms):,AutoFocus Exposure Time (ms):,parts[1]: int，自动对焦曝光(ms)。 [与后端对照: 是],是,src/App.vue,自动对焦流程中单次曝光时间（毫秒），写入配置并同步 AutoFocus 模块。,已对照。,"QUARCS_QT-SeverProgram/src/mainwindow.cpp::MainWindow::onMessageReceived | parts[0]==""AutoFocus Exposure Time (ms)""，保存至 Tools/Focuser 参数"
8,Vue_Command,AutoFocusConfirm:,AutoFocusConfirm:Coarse,AutoFocusConfirm: 之后为模式枚举 Coarse|Fine|Yes|No（message.startsWith 解析）。 [与后端对照: 是],是,src/components/gui.vue,自动对焦确认：Coarse → 完整粗+精+super-fine（startAutoFocus）,已对照。,QUARCS_QT-SeverProgram/src/mainwindow.cpp::MainWindow::onMessageReceived | message.startsWith('AutoFocusConfirm:')，按 Coarse/Fine/Yes/No 分支
9,Vue_Command,AutoFocusConfirm:,AutoFocusConfirm:Fine,AutoFocusConfirm: 之后为模式枚举 Coarse|Fine|Yes|No（message.startsWith 解析）。 [与后端对照: 是],是,src/components/gui.vue,自动对焦确认：Fine → 仅从当前位置 HFR 精调（startAutoFocusFineHFROnly）,已对照。,QUARCS_QT-SeverProgram/src/mainwindow.cpp::MainWindow::onMessageReceived | message.startsWith('AutoFocusConfirm:')，按 Coarse/Fine/Yes/No 分支
10,Vue_Command,AutoFocusConfirm:,AutoFocusConfirm:No,AutoFocusConfirm: 之后为模式枚举 Coarse|Fine|Yes|No（message.startsWith 解析）。 [与后端对照: 是],是,src/components/gui.vue,自动对焦确认：No → 取消并 AutoFocusCancelled,已对照。,QUARCS_QT-SeverProgram/src/mainwindow.cpp::MainWindow::onMessageReceived | message.startsWith('AutoFocusConfirm:')，按 Coarse/Fine/Yes/No 分支
11,Vue_Command,AutoFocusConfirm:,AutoFocusConfirm:Yes,AutoFocusConfirm: 之后为模式枚举 Coarse|Fine|Yes|No（message.startsWith 解析）。 [与后端对照: 是],是,src/components/gui.vue,自动对焦确认：Yes → 同 Coarse 完整流程,已对照。,QUARCS_QT-SeverProgram/src/mainwindow.cpp::MainWindow::onMessageReceived | message.startsWith('AutoFocusConfirm:')，按 Coarse/Fine/Yes/No 分支
12,Vue_Command,Backlash:,Backlash:,parts[1]: int，回差步数。 [与后端对照: 是],是,src/App.vue,电调回差补偿（步），用于自动对焦；绑定 INDI 电调时持久化。,已对照。,"QUARCS_QT-SeverProgram/src/mainwindow.cpp::MainWindow::onMessageReceived | parts[0]==""Backlash"""
13,Vue_Command,BindingDevice:,BindingDevice:,parts[1]: string 设备类型; parts[2]: int 索引 | parts.size()==3。 [与后端对照: 是],是,src/components/DeviceAllocationPanel.vue,将某类设备槽位绑定到具体设备索引（设备分配面板）。,已对照。,QUARCS_QT-SeverProgram/src/mainwindow.cpp::MainWindow::onMessageReceived | parts size 3 BindingDevice:type:index → BindingDevice()
14,Vue_Command,CFWList:,CFWList:,parts[1]: string，槽位列表序列化串。 [与后端对照: 是],是,src/components/CapturePanel.vue,保存滤镜轮槽位名称列表字符串，供 getCFWList 恢复。,已对照。,"QUARCS_QT-SeverProgram/src/mainwindow.cpp::MainWindow::onMessageReceived | parts[0]==""CFWList"" → Tools::saveCFWList"
15,Vue_Command,CS,CS,无参数（短命令）。 [与后端对照: 否],否,src/components/Settings-Dialog-CFW.vue,滤镜轮相关短命令（Settings-Dialog-CFW）。,若 MainWindow 无显式分支则落入 Unknown message；以实际固件/版本为准。,当前 QUARCS_QT-SeverProgram/src/mainwindow.cpp::MainWindow::onMessageReceived 未匹配该命令前缀；可能为历史协议或与其它消息合并使用
16,Vue_Command,CalcWhiteBalance,CalcWhiteBalance,无参数或带附加段（parts[0] 为命令名）。 [与后端对照: 是],是,src/App.vue,请求对白平衡进行采样/计算（主相机图像）。,已对照。,"QUARCS_QT-SeverProgram/src/mainwindow.cpp::MainWindow::onMessageReceived | parts[0]==""CalcWhiteBalance"""
17,Vue_Command,CalibrationDuration:,CalibrationDuration:,parts[1]: string/数值，校准时长相关。 [与后端对照: 是],是,src/App.vue,导星校准时长等（与内置导星配置相关）；当前版本可能仅记录或忽略。,源码中可与 PHD2 移除后的忽略分支相关，需与当前分支对照。,QUARCS_QT-SeverProgram/src/mainwindow.cpp::MainWindow::onMessageReceived | 与 GuiderFocalLength 等一并：parts[0]==… 时 Log「PHD2 removed」忽略
18,Vue_Command,CaptureImageSave,CaptureImageSave,无参数。 [与后端对照: 是],是,src/components/CapturePanel.vue,保存当前捕获图像到配置路径。,已对照。,"QUARCS_QT-SeverProgram/src/mainwindow.cpp::MainWindow::onMessageReceived | message==""CaptureImageSave"" → CaptureImageSave()"
19,Vue_Command,CheckBoxSpace,CheckBoxSpace,无参数。 [与后端对照: 是],是,src/components/view-settings-dialog.vue,查询/同步 UI 勾选框占用或空间信息（视图设置）。,已对照。,"QUARCS_QT-SeverProgram/src/mainwindow.cpp::MainWindow::onMessageReceived | parts[0]==""CheckBoxSpace"" → getCheckBoxSpace()"
20,Vue_Command,ClearCalibrationData,ClearCalibrationData,无参数。 [与后端对照: 是],是,src/components/Settings-Dialog-Guider.vue,清除内置导星校准缓存并下次强制重校。,已对照。,QUARCS_QT-SeverProgram/src/mainwindow.cpp::MainWindow::onMessageReceived | 与 clearGuiderData、PHD2Recalibrate 同分支 → guiderCore->clearCachedCalibration
21,Vue_Command,ClearDataPoints,ClearDataPoints,无参数。 [与后端对照: 是],是,src/components/gui.vue,清除导星/曲线数据点（GUI）。,已对照。,"QUARCS_QT-SeverProgram/src/mainwindow.cpp::MainWindow::onMessageReceived | message==""ClearDataPoints"""
22,Vue_Command,ClearDownloadLinks:,ClearDownloadLinks:,parts[1]: string。 [与后端对照: 是],是,src/components/ImageManagerBrowser.vue,清除图像下载链接列表（图像管理器）。,已对照。,"QUARCS_QT-SeverProgram/src/mainwindow.cpp::MainWindow::onMessageReceived | parts[0]==""ClearDownloadLinks"""
23,Vue_Command,ClearIndiDriver,ClearIndiDriver,无参数。 [与后端对照: 是],是,src/App.vue,清空已选 INDI 驱动列表。,已对照。,"QUARCS_QT-SeverProgram/src/mainwindow.cpp::MainWindow::onMessageReceived | message==""ClearIndiDriver"" → indi_Driver_Clear"
24,Vue_Command,ClearLogs,ClearLogs,无参数。 [与后端对照: 是],是,src/components/view-settings-dialog.vue,清空本地日志。,已对照。,"QUARCS_QT-SeverProgram/src/mainwindow.cpp::MainWindow::onMessageReceived | parts[0]==""ClearLogs"" → clearLogs()"
25,Vue_Command,ClearSloveResultList,ClearSloveResultList,无参数。 [与后端对照: 是],是,src/App.vue,清空 plate solve 结果列表（拼写 Slove 与代码一致）。,已对照。,"QUARCS_QT-SeverProgram/src/mainwindow.cpp::MainWindow::onMessageReceived | message==""ClearSloveResultList"""
26,Vue_Command,Coarse Step Divisions:,Coarse Step Divisions:,parts[1]: int。 [与后端对照: 是],是,src/App.vue,粗对焦分段数，写入 Focuser 配置。,已对照。,"QUARCS_QT-SeverProgram/src/mainwindow.cpp::MainWindow::onMessageReceived | parts[0]==""Coarse Step Divisions"""
27,Vue_Command,ConfirmIndiDevice:,ConfirmIndiDevice:,parts[1]: string 设备名; parts[2]: string 驱动名 | parts.size()==3。 [与后端对照: 是],是,src/App.vue,确认连接某 INDI 设备名与驱动名。,已对照。,QUARCS_QT-SeverProgram/src/mainwindow.cpp::MainWindow::onMessageReceived | ConfirmIndiDevice → indi_Device_Confirm
28,Vue_Command,ConfirmIndiDriver:,ConfirmIndiDriver:,parts[1]: string 驱动名; [parts[2]: string 波特率] | size 2 或 3。 [与后端对照: 是],是,src/App.vue,确认选择 INDI 驱动（可选波特率）。,已对照。,QUARCS_QT-SeverProgram/src/mainwindow.cpp::MainWindow::onMessageReceived | ConfirmIndiDriver → indi_Driver_Confirm
29,Vue_Command,DSLRCameraInfo:,DSLRCameraInfo:,parts[1..3]: 宽、高、像元(µm) 等 | parts.size()==4。 [与后端对照: 是],是,src/components/gui.vue,单反相机分辨率/像元等元信息登记。,已对照。,QUARCS_QT-SeverProgram/src/mainwindow.cpp::MainWindow::onMessageReceived | parts size 4 DSLRCameraInfo → Tools::saveDSLRsInfo 等
30,Vue_Command,DecAggression:,DecAggression:,parts[1]: string/数值（当前多为忽略）。 [与后端对照: 是],是,src/App.vue,导星 Dec  aggressive（原 PHD2 系参数）；当前可能忽略。,与 PHD2 移除注释一致。,QUARCS_QT-SeverProgram/src/mainwindow.cpp::MainWindow::onMessageReceived | 同 GuiderFocalLength 忽略分支
31,Vue_Command,DeleteFile:,DeleteFile:,parts[1]: string 路径。 [与后端对照: 是],是,src/components/ImageFolder.vue,删除指定文件（图像文件夹）。,已对照。,"QUARCS_QT-SeverProgram/src/mainwindow.cpp::MainWindow::onMessageReceived | parts[0]==""DeleteFile"""
32,Vue_Command,DisconnectDevice:,DisconnectDevice:,parts[1]: string 设备名; parts[2]: string 类型 | size==3。 [与后端对照: 是],是,src/App.vue,按设备名与类型断开 INDI 设备。,已对照。,"QUARCS_QT-SeverProgram/src/mainwindow.cpp::MainWindow::onMessageReceived | DisconnectDevice → DisconnectDevice(indi,…)"
33,Vue_Command,EastMinutesPastMeridian:,EastMinutesPastMeridian:,parts[1]: int 分钟。 [与后端对照: 是],是,src/App.vue,子午线东侧允许分钟数（翻转策略）。,已对照。,"QUARCS_QT-SeverProgram/src/mainwindow.cpp::MainWindow::onMessageReceived | parts[0]==""EastMinutesPastMeridian"""
34,Vue_Command,EndCaptureAndSolve,EndCaptureAndSolve,无参数。 [与后端对照: 是],是,src/components/gui.vue,结束循环拍摄并求解流程。,已对照。,"QUARCS_QT-SeverProgram/src/mainwindow.cpp::MainWindow::onMessageReceived | message==""EndCaptureAndSolve"""
35,Vue_Command,ExpTimeList:,ExpTimeList:,parts[1]: string 列表。 [与后端对照: 是],是,src/components/CapturePanel.vue,保存曝光时间列表字符串。,已对照。,"QUARCS_QT-SeverProgram/src/mainwindow.cpp::MainWindow::onMessageReceived | parts[0]==""ExpTimeList"" → Tools::saveExpTimeList"
36,Vue_Command,FocusLoopShooting:,FocusLoopShooting:,parts[1]: bool 字符串。 [与后端对照: 是],是,src/components/FocuserPanel.vue,电调循环拍摄开关（与对焦面板相关）。,已对照。,"QUARCS_QT-SeverProgram/src/mainwindow.cpp::MainWindow::onMessageReceived | parts[0]==""FocusLoopShooting"""
37,Vue_Command,FocusLoopShooting:,FocusLoopShooting:false,parts[1]: bool 字符串。 [与后端对照: 是],是,src/App.vue,电调循环拍摄开关（与对焦面板相关）。,已对照。,"QUARCS_QT-SeverProgram/src/mainwindow.cpp::MainWindow::onMessageReceived | parts[0]==""FocusLoopShooting"""
38,Vue_Command,GetDownloadManifest:,GetDownloadManifest:,parts[1]: string。 [与后端对照: 是],是,src/components/ImageManagerBrowser.vue,请求下载清单 JSON（图像管理器）。,已对照。,"QUARCS_QT-SeverProgram/src/mainwindow.cpp::MainWindow::onMessageReceived | parts[0]==""GetDownloadManifest"""
39,Vue_Command,GetImageFiles:,GetImageFiles:,parts[1]: string 路径。 [与后端对照: 是],是,src/components/ImageFolder.vue,列出指定路径图像文件。,已对照。,"QUARCS_QT-SeverProgram/src/mainwindow.cpp::MainWindow::onMessageReceived | parts[0]==""GetImageFiles"""
40,Vue_Command,Goto:,Goto:,parts[1]: Ra; parts[2]: Dec（弧度，见源码）| parts.size()==3。 [与后端对照: 是],是,src/App.vue,望远镜 GOTO：Ra:Dec 格式（弧度分段）。,已对照。,QUARCS_QT-SeverProgram/src/mainwindow.cpp::MainWindow::onMessageReceived | parts size 3 Goto → 解析 Ra/Dec 并 MountGoto
41,Vue_Command,GotoThenSolve:,GotoThenSolve:,parts[1]: string。 [与后端对照: 是],是,src/App.vue,GOTO 后 plate solve（载荷依实现）。,已对照。,"QUARCS_QT-SeverProgram/src/mainwindow.cpp::MainWindow::onMessageReceived | parts[0]==""GotoThenSolve"""
42,Vue_Command,GuiderCanvasClick:,GuiderCanvasClick:,"parts[1..4]: x,y 等 | parts.size()==5。 [与后端对照: 是]",是,src/App.vue,导星画布点击（归一化坐标等），内置导星选星。,已对照。,QUARCS_QT-SeverProgram/src/mainwindow.cpp::MainWindow::onMessageReceived | parts size 5 GuiderCanvasClick
43,Vue_Command,GuiderDecGuideDir:,GuiderDecGuideDir:,parts[1]: NORTH|SOUTH|AUTO 等。 [与后端对照: 否],否,src/App.vue,Dec 轴导星方向 NORTH/SOUTH/AUTO 等。,若主窗口无分支则可能 Unknown；GuiderCore 注释仍提及协议。,当前 QUARCS_QT-SeverProgram/src/mainwindow.cpp::MainWindow::onMessageReceived 未匹配该命令前缀；导星内核可能从配置或其它入口读取
44,Vue_Command,GuiderExpTimeSwitch:,GuiderExpTimeSwitch:,parts[1]: bool 字符串。 [与后端对照: 是],是,src/components/ChartComponent.vue,导星相机曝光切换。,已对照。,"QUARCS_QT-SeverProgram/src/mainwindow.cpp::MainWindow::onMessageReceived | parts[0]==""GuiderExpTimeSwitch"""
45,Vue_Command,GuiderFocalLength:,GuiderFocalLength:,parts[1]: string/数值（当前多为忽略）。 [与后端对照: 忽略],忽略,src/App.vue,导星焦距（旧 PHD2 系）；当前可能仅日志忽略。,已对照忽略分支。,QUARCS_QT-SeverProgram/src/mainwindow.cpp::MainWindow::onMessageReceived | GuiderFocalLength 等与 PHD2 移除相关
46,Vue_Command,GuiderGain:,GuiderGain:,parts[1]: int（硬件请用 SetGuiderGain）。 [与后端对照: 部分],部分,src/App.vue,设置/同步导星相机增益（常与 saveToConfigFile 同时发）。,硬件设置请用 SetGuiderGain；单独 GuiderGain 可能不落主分支。,QUARCS_QT-SeverProgram/src/mainwindow.cpp::MainWindow::onMessageReceived | 优先使用 SetGuiderGain；GuiderGain 单独或仅配置持久化时可能 Unknown
47,Vue_Command,GuiderLoopExpSwitch:,GuiderLoopExpSwitch:,parts[1]: bool 字符串。 [与后端对照: 是],是,src/components/ChartComponent.vue,导星循环曝光开关。,已对照。,"QUARCS_QT-SeverProgram/src/mainwindow.cpp::MainWindow::onMessageReceived | parts[0]==""GuiderLoopExpSwitch"""
48,Vue_Command,GuiderPixelSize:,GuiderPixelSize:,parts[1]: string/数值（忽略）。 [与后端对照: 是],是,src/App.vue,导星像元尺寸（旧 PHD2 系）。,忽略分支。,QUARCS_QT-SeverProgram/src/mainwindow.cpp::MainWindow::onMessageReceived | 同 GuiderFocalLength 忽略
49,Vue_Command,GuiderRaGuideDir:,GuiderRaGuideDir:,parts[1]: string。 [与后端对照: 否],否,src/App.vue,Ra 轴导星方向；内置导星可能强制双向。,可能 Unknown 或仅文档/内核注释。,当前 QUARCS_QT-SeverProgram/src/mainwindow.cpp::MainWindow::onMessageReceived 未匹配该命令前缀；参见 GuiderCore.cpp 注释
50,Vue_Command,GuiderSwitch:,GuiderSwitch:,parts[1]: bool 字符串。 [与后端对照: 是],是,src/components/ChartComponent.vue,内置导星总开关 true/false。,已对照。,"QUARCS_QT-SeverProgram/src/mainwindow.cpp::MainWindow::onMessageReceived | parts[0]==""GuiderSwitch"" → guiderCore start/stop"
51,Vue_Command,ImageCFA:,ImageCFA:,parts[1]: string CFA 模式。 [与后端对照: 是],是,src/App.vue,主相机 CFA 排列字符串。,已对照。,"QUARCS_QT-SeverProgram/src/mainwindow.cpp::MainWindow::onMessageReceived | parts[0]==""ImageCFA"" 校验 RGGB 等"
52,Vue_Command,ImageGainB:,ImageGainB:,parts[1]: float/double。 [与后端对照: 是],是,src/App.vue,白平衡增益 B 通道。,已对照。,"QUARCS_QT-SeverProgram/src/mainwindow.cpp::MainWindow::onMessageReceived | parts[0]==""ImageGainB"""
53,Vue_Command,ImageGainR:,ImageGainR:,parts[1]: float/double。 [与后端对照: 是],是,src/App.vue,白平衡增益 R 通道。,已对照。,"QUARCS_QT-SeverProgram/src/mainwindow.cpp::MainWindow::onMessageReceived | parts[0]==""ImageGainR"""
54,Vue_Command,ImageOffset:,ImageOffset:,parts[1]: int/double offset。 [与后端对照: 是],是,src/App.vue,主相机 offset。,已对照。,"QUARCS_QT-SeverProgram/src/mainwindow.cpp::MainWindow::onMessageReceived | parts[0]==""ImageOffset"""
55,Vue_Command,LoopCapture:,LoopCapture:,parts[1]: bool 字符串（后端可能未匹配）。 [与后端对照: 否],否,src/App.vue,切换 ROI/主相机循环连拍模式布尔值（App.vue LoopCapture）。,当前 mainwindow 未见 parts[0]==LoopCapture 分支，可能 Unknown。,当前 QUARCS_QT-SeverProgram/src/mainwindow.cpp::MainWindow::onMessageReceived 未匹配该命令前缀；连拍次数用 SetMainCameraLoopCaptureNum；模式开关待后端补全或经 SetMainCameraCaptureMode
56,Vue_Command,MaxLimit:,MaxLimit:,parts[1]: int。 [与后端对照: 是],是,src/App.vue,电调行程最大/最小限制。,已对照。,QUARCS_QT-SeverProgram/src/mainwindow.cpp::MainWindow::onMessageReceived | MinLimit/MaxLimit + dpFocuser
57,Vue_Command,MinLimit:,MinLimit:,parts[1]: int。 [与后端对照: 是],是,src/App.vue,电调行程最大/最小限制。,已对照。,QUARCS_QT-SeverProgram/src/mainwindow.cpp::MainWindow::onMessageReceived | MinLimit/MaxLimit + dpFocuser
58,Vue_Command,MountGoto:,MountGoto:,message 含逗号分段 Ra/Dec 子串，见 MountGoto 解析 | parts.size()==4。 [与后端对照: 是],是,src/components/MountControlPanel.vue,"赤道仪 GOTO（MountGoto:…,… 复杂格式）。",已对照。,QUARCS_QT-SeverProgram/src/mainwindow.cpp::MainWindow::onMessageReceived | parts size 4 MountGoto → 解析 RaDecList
59,Vue_Command,MountHome,MountHome,无参数。 [与后端对照: 是],是,src/components/MountControlPanel.vue,指向零点/ home 位。,已对照。,"QUARCS_QT-SeverProgram/src/mainwindow.cpp::MainWindow::onMessageReceived | message==""MountHome"""
60,Vue_Command,MountMoveAbort,MountMoveAbort,无参数。 [与后端对照: 是],是,src/components/MeridianFlipNotifier.vue,停止当前赤经赤纬移动。,已对照。,"QUARCS_QT-SeverProgram/src/mainwindow.cpp::MainWindow::onMessageReceived | message==""MountMoveAbort"""
61,Vue_Command,MountMoveDECStop:,MountMoveDECStop:,parts[1]: string。 [与后端对照: 是],是,src/components/MountControlPanel.vue,停止 Dec/RA 轴向点动。,已对照。,QUARCS_QT-SeverProgram/src/mainwindow.cpp::MainWindow::onMessageReceived | MountMoveDECStop / MountMoveRAStop
62,Vue_Command,MountMoveEast,MountMoveEast,无参数。 [与后端对照: 是],是,src/components/MountControlPanel.vue,点动 East。,已对照。,"QUARCS_QT-SeverProgram/src/mainwindow.cpp::MainWindow::onMessageReceived | message==""MountMoveEast"""
63,Vue_Command,MountMoveNorth,MountMoveNorth,无参数。 [与后端对照: 是],是,src/components/MountControlPanel.vue,点动 North。,已对照。,"QUARCS_QT-SeverProgram/src/mainwindow.cpp::MainWindow::onMessageReceived | message==""MountMoveNorth"""
64,Vue_Command,MountMoveRAStop:,MountMoveRAStop:,parts[1]: string。 [与后端对照: 是],是,src/components/MountControlPanel.vue,停止 Dec/RA 轴向点动。,已对照。,QUARCS_QT-SeverProgram/src/mainwindow.cpp::MainWindow::onMessageReceived | MountMoveDECStop / MountMoveRAStop
65,Vue_Command,MountMoveSouth,MountMoveSouth,无参数。 [与后端对照: 是],是,src/components/MountControlPanel.vue,点动 South。,已对照。,"QUARCS_QT-SeverProgram/src/mainwindow.cpp::MainWindow::onMessageReceived | message==""MountMoveSouth"""
66,Vue_Command,MountMoveWest,MountMoveWest,无参数。 [与后端对照: 是],是,src/components/MountControlPanel.vue,点动 West。,已对照。,"QUARCS_QT-SeverProgram/src/mainwindow.cpp::MainWindow::onMessageReceived | message==""MountMoveWest"""
67,Vue_Command,MountPark,MountPark,无参数。 [与后端对照: 是],是,src/components/MountControlPanel.vue,Park 望远镜。,已对照。,"QUARCS_QT-SeverProgram/src/mainwindow.cpp::MainWindow::onMessageReceived | message==""MountPark"""
68,Vue_Command,MountSYNC,MountSYNC,无参数。 [与后端对照: 是],是,src/components/MountControlPanel.vue,同步当前位置到天体坐标。,已对照。,"QUARCS_QT-SeverProgram/src/mainwindow.cpp::MainWindow::onMessageReceived | message==""MountSYNC"""
69,Vue_Command,MountSpeedSwitch,MountSpeedSwitch,无参数。 [与后端对照: 是],是,src/components/MountControlPanel.vue,切换点动速度档位。,已对照。,"QUARCS_QT-SeverProgram/src/mainwindow.cpp::MainWindow::onMessageReceived | message==""MountSpeedSwitch"""
70,Vue_Command,MountTrack,MountTrack,无参数。 [与后端对照: 是],是,src/components/MountControlPanel.vue,开启/切换跟踪。,已对照。,"QUARCS_QT-SeverProgram/src/mainwindow.cpp::MainWindow::onMessageReceived | message==""MountTrack"""
71,Vue_Command,MoveFileToUSB:,MoveFileToUSB:,parts[1..]: 路径等 | size>=2。 [与后端对照: 是],是,src/components/ImageManagerBrowser.vue,将文件拷到 USB 存储。,已对照。,QUARCS_QT-SeverProgram/src/mainwindow.cpp::MainWindow::onMessageReceived | parts[0]==MoveFileToUSB
72,Vue_Command,MultiStarGuider:,MultiStarGuider:,parts[1]: string（忽略）。 [与后端对照: 是],是,src/App.vue,多星导星开关（旧 PHD2）。,忽略分支。,QUARCS_QT-SeverProgram/src/mainwindow.cpp::MainWindow::onMessageReceived | 同 GuiderFocalLength 忽略
73,Vue_Command,PHD2Recalibrate,PHD2Recalibrate,无参数。 [与后端对照: 是],是,src/components/gui.vue,兼容命令名：等同清除校准并下次重校。,已对照。,QUARCS_QT-SeverProgram/src/mainwindow.cpp::MainWindow::onMessageReceived | 与 ClearCalibrationData 同分支
74,Vue_Command,RaAggression:,RaAggression:,parts[1]: string/数值（忽略）。 [与后端对照: 是],是,src/App.vue,Ra aggressive（旧 PHD2）。,忽略分支。,QUARCS_QT-SeverProgram/src/mainwindow.cpp::MainWindow::onMessageReceived | 同 GuiderFocalLength 忽略
75,Vue_Command,ReadImageFile:,ReadImageFile:,parts[1]: string 路径。 [与后端对照: 是],是,src/components/ImageFolder.vue,读取指定路径图像到预览/处理。,已对照。,"QUARCS_QT-SeverProgram/src/mainwindow.cpp::MainWindow::onMessageReceived | parts[0]==""ReadImageFile"""
76,Vue_Command,RedBox Side Length (px):,RedBox Side Length (px):,parts[1]: int 像素。 [与后端对照: 是],是,src/components/gui.vue,对焦红框边长（像素）。,已对照。,QUARCS_QT-SeverProgram/src/mainwindow.cpp::MainWindow::onMessageReceived | 与 RedBox/ROI 相关参数；见 roiAndFocuserInfo
77,Vue_Command,RedBox:,RedBox:,parts[1]: string/数值。 [与后端对照: 是],是,src/components/gui.vue,红框位置或尺寸相关（主界面）。,若与 RedBoxSizeChange 混用见对应分支。,QUARCS_QT-SeverProgram/src/mainwindow.cpp::MainWindow::onMessageReceived | 可能经 roi 字典；与 RedBoxSizeChange 区分
78,Vue_Command,RedBoxSizeChange:,RedBoxSizeChange:,parts[1]: int 边长。 [与后端对照: 是],是,src/components/FocuserPanel.vue,改变红框边长并保存 MainCamera/RedBoxSize。,已对照。,"QUARCS_QT-SeverProgram/src/mainwindow.cpp::MainWindow::onMessageReceived | parts[0]==""RedBoxSizeChange"""
79,Vue_Command,ResetAutoPolarAlignment,ResetAutoPolarAlignment,无参数。 [与后端对照: 否],否,src/components/AutomaticPolarAlignmentCalibration.vue,重置自动极轴流程前销毁 polarAlignment 对象（与 Start 前清理相关）。,独立命令若不存在则 Unknown；Reset 日志出现在 StartAutoPolarAlignment 内。,当前 QUARCS_QT-SeverProgram/src/mainwindow.cpp::MainWindow::onMessageReceived 未匹配该命令前缀；当前以 StartAutoPolarAlignment 内删除 polarAlignment 为主；独立 Reset 命令需确认是否仍发送
80,Vue_Command,RestartPHD2,RestartPHD2,无参数（已废弃）。 [与后端对照: 忽略],忽略,src/components/gui.vue,重启 PHD2（遗留）。,源码注明 PHD2 已移除，不再处理。,QUARCS_QT-SeverProgram/src/mainwindow.cpp::MainWindow::onMessageReceived | 注释：不再支持 RestartPHD2
81,Vue_Command,RestartRaspberryPi,RestartRaspberryPi,无参数。 [与后端对照: 是],是,src/components/gui.vue,执行系统 reboot。,已对照。,"QUARCS_QT-SeverProgram/src/mainwindow.cpp::MainWindow::onMessageReceived | message==""RestartRaspberryPi"" → system(""reboot"")"
82,Vue_Command,RestoreAutoPolarAlignment,RestoreAutoPolarAlignment,无参数。 [与后端对照: 否],否,src/components/AutomaticPolarAlignmentCalibration.vue,恢复极轴校准状态（前端）。,若主窗口无专门分支则可能 Unknown。,当前 QUARCS_QT-SeverProgram/src/mainwindow.cpp::MainWindow::onMessageReceived 未匹配该命令前缀；在 mainwindow 未检索到独立 Restore 分支
83,Vue_Command,SelectIndiDriver:,SelectIndiDriver:,parts[1]: string Group; parts[2]: int ListNum | size==3。 [与后端对照: 是],是,src/App.vue,列出/打印某组驱动列表序号。,已对照。,QUARCS_QT-SeverProgram/src/mainwindow.cpp::MainWindow::onMessageReceived | SelectIndiDriver → printDevGroups2
84,Vue_Command,Self Exposure Time (ms):,Self Exposure Time (ms):,parts[1]: int。 [与后端对照: 是],是,src/App.vue,主相机自曝光（非导星）毫秒，写入配置。,已对照。,"QUARCS_QT-SeverProgram/src/mainwindow.cpp::MainWindow::onMessageReceived | parts[0]==""Self Exposure Time (ms)"""
85,Vue_Command,SetBinning:,SetBinning:,parts[1]: string 或 int binning。 [与后端对照: 是],是,src/App.vue,主相机 binning。,已对照。,"QUARCS_QT-SeverProgram/src/mainwindow.cpp::MainWindow::onMessageReceived | parts[0]==""SetBinning"""
86,Vue_Command,SetCFWPosition:,SetCFWPosition:,parts[1]: int 槽位(1-based)。 [与后端对照: 是],是,src/App.vue,转动滤镜轮到指定槽位（1-based）。,已对照。,QUARCS_QT-SeverProgram/src/mainwindow.cpp::MainWindow::onMessageReceived | SetCFWPosition → INDI/SDK 等待到位
87,Vue_Command,SetCameraGain:,SetCameraGain:,parts[1]: int。 [与后端对照: 是],是,src/App.vue,主相机增益。,已对照。,"QUARCS_QT-SeverProgram/src/mainwindow.cpp::MainWindow::onMessageReceived | parts[0]==""SetCameraGain"""
88,Vue_Command,SetCameraOffset:,SetCameraOffset:,parts[1]: int（Qt 主路径为 ImageOffset:）。 [与后端对照: 否],否,src/App.vue,主相机 offset（前端多为 ImageOffset/已注释路径）。,Qt 侧主分支为 ImageOffset:；若仍发 SetCameraOffset 可能 Unknown。,当前 QUARCS_QT-SeverProgram/src/mainwindow.cpp::MainWindow::onMessageReceived 未匹配该命令前缀；mainwindow 使用 ImageOffset:；App.vue 中 SetCameraOffset 多为注释
89,Vue_Command,SetCameraTemperature:,SetCameraTemperature:,parts[1]: double 目标温度。 [与后端对照: 是],是,src/App.vue,主相机制冷目标温度。,已对照。,"QUARCS_QT-SeverProgram/src/mainwindow.cpp::MainWindow::onMessageReceived | parts[0]==""SetCameraTemperature"""
90,Vue_Command,SetGuiderGain:,SetGuiderGain:,parts[1]: int。 [与后端对照: 是],是,src/App.vue,导星相机增益。,已对照。,"QUARCS_QT-SeverProgram/src/mainwindow.cpp::MainWindow::onMessageReceived | parts[0]==""SetGuiderGain"""
91,Vue_Command,SetGuiderOffset:,SetGuiderOffset:,parts[1]: int/double。 [与后端对照: 是],是,src/App.vue,导星 offset。,已对照。,"QUARCS_QT-SeverProgram/src/mainwindow.cpp::MainWindow::onMessageReceived | parts[0]==""SetGuiderOffset"""
92,Vue_Command,SetMainCameraAutoSave:,SetMainCameraAutoSave:,parts[1]: bool 字符串。 [与后端对照: 是],是,src/App.vue,主相机自动保存开关。,已对照。,"QUARCS_QT-SeverProgram/src/mainwindow.cpp::MainWindow::onMessageReceived | parts[0]==""SetMainCameraAutoSave"""
93,Vue_Command,SetMainCameraCaptureMode:,SetMainCameraCaptureMode:,parts[1]: string 模式枚举。 [与后端对照: 是],是,src/App.vue,单张/连拍/Live 等采集模式。,已对照。,"QUARCS_QT-SeverProgram/src/mainwindow.cpp::MainWindow::onMessageReceived | parts[0]==""SetMainCameraCaptureMode"""
94,Vue_Command,SetMainCameraLoopCaptureNum:,SetMainCameraLoopCaptureNum:,parts[1]: int 剩余张数。 [与后端对照: 是],是,src/App.vue,连拍剩余张数计数。,已对照。,"QUARCS_QT-SeverProgram/src/mainwindow.cpp::MainWindow::onMessageReceived | parts[0]==""SetMainCameraLoopCaptureNum"" → LoopCaptureNum"
95,Vue_Command,SetMainCameraSaveFailedParse:,SetMainCameraSaveFailedParse:,parts[1]: bool 字符串。 [与后端对照: 是],是,src/App.vue,解析失败时是否仍保存。,已对照。,"QUARCS_QT-SeverProgram/src/mainwindow.cpp::MainWindow::onMessageReceived | parts[0]==""SetMainCameraSaveFailedParse"""
96,Vue_Command,SetMainCameraSaveFolder:,SetMainCameraSaveFolder:,parts[1]: string 路径或 local。 [与后端对照: 是],是,src/App.vue,主相机保存目录（含 local 等约定）。,已对照。,"QUARCS_QT-SeverProgram/src/mainwindow.cpp::MainWindow::onMessageReceived | parts[0]==""SetMainCameraSaveFolder"""
97,Vue_Command,SetMainCameraSaveFolder:,SetMainCameraSaveFolder:local,parts[1]: string 路径或 local。 [与后端对照: 是],是,src/App.vue,主相机保存目录（含 local 等约定）。,已对照。,"QUARCS_QT-SeverProgram/src/mainwindow.cpp::MainWindow::onMessageReceived | parts[0]==""SetMainCameraSaveFolder"""
98,Vue_Command,SetMainCameraTileBuildMode:,SetMainCameraTileBuildMode:,parts[1]: string。 [与后端对照: 是],是,src/App.vue,拼图/平铺合成模式。,已对照。,"QUARCS_QT-SeverProgram/src/mainwindow.cpp::MainWindow::onMessageReceived | parts[0]==""SetMainCameraTileBuildMode"""
99,Vue_Command,SetSerialPort:,SetSerialPort:,parts[1]: Mount|Focuser; parts[2]: string 设备路径或 default | size==3。 [与后端对照: 是],是,src/App.vue,手动指定 Mount/Focuser 串口路径或 default。,已对照。,QUARCS_QT-SeverProgram/src/mainwindow.cpp::MainWindow::onMessageReceived | parts size 3 SetSerialPort
100,Vue_Command,SetUsbTraffic:,SetUsbTraffic:,parts[1]: int。 [与后端对照: 是],是,src/App.vue,USB 流量/带宽参数。,已对照。,"QUARCS_QT-SeverProgram/src/mainwindow.cpp::MainWindow::onMessageReceived | parts[0]==""SetUsbTraffic"""
101,Vue_Command,ShowAllImageFolder,ShowAllImageFolder,无参数。 [与后端对照: 是],是,src/components/gui.vue,展示全部图像文件夹。,已对照。,"QUARCS_QT-SeverProgram/src/mainwindow.cpp::MainWindow::onMessageReceived | message==""ShowAllImageFolder"""
102,Vue_Command,ShutdownRaspberryPi,ShutdownRaspberryPi,无参数。 [与后端对照: 是],是,src/components/gui.vue,关机。,已对照。,"QUARCS_QT-SeverProgram/src/mainwindow.cpp::MainWindow::onMessageReceived | system(""shutdown -h now"")"
103,Vue_Command,SolveCurrentPosition:,SolveCurrentPosition:,parts[1]: string。 [与后端对照: 是],是,src/App.vue,对当前求解图像做 plate solve。,已对照。,"QUARCS_QT-SeverProgram/src/mainwindow.cpp::MainWindow::onMessageReceived | parts[0]==""SolveCurrentPosition"" → solveCurrentPosition()"
104,Vue_Command,SolveSYNC,SolveSYNC,无参数。 [与后端对照: 是],是,src/components/MountControlPanel.vue,解析后与 mount 同步。,已对照。,"QUARCS_QT-SeverProgram/src/mainwindow.cpp::MainWindow::onMessageReceived | parts[0]==""SolveSYNC"""
105,Vue_Command,StartAutoPolarAlignment,StartAutoPolarAlignment,无参数。 [与后端对照: 是],是,src/components/AutomaticPolarAlignmentCalibration.vue,启动内置自动极轴：关跟踪、initPolarAlignment、startPolarAlignment。,已对照。,"QUARCS_QT-SeverProgram/src/mainwindow.cpp::MainWindow::onMessageReceived | parts[0]==""StartAutoPolarAlignment"""
106,Vue_Command,StartLoopCapture,StartLoopCapture,无参数（后端可能未匹配）。 [与后端对照: 否],否,src/App.vue,开始连拍（前端）；若后端仅计数需与 SetMainCameraCaptureMode 等配合。,可能无独立分支。,当前 QUARCS_QT-SeverProgram/src/mainwindow.cpp::MainWindow::onMessageReceived 未匹配该命令前缀；见 LoopCapture / SetMainCameraLoopCaptureNum
107,Vue_Command,StepsPerClick:,StepsPerClick:,parts[1]: int。 [与后端对照: 是],是,src/App.vue,电调每点击步数。,已对照。,"QUARCS_QT-SeverProgram/src/mainwindow.cpp::MainWindow::onMessageReceived | parts[0]==""StepsPerClick"""
108,Vue_Command,StopAutoFocus,StopAutoFocus,无参数。 [与后端对照: 是],是,src/components/FocuserPanel.vue,停止自动对焦线程并 AutoFocusEnded。,已对照。,"QUARCS_QT-SeverProgram/src/mainwindow.cpp::MainWindow::onMessageReceived | message==""StopAutoFocus"""
109,Vue_Command,StopAutoPolarAlignment,StopAutoPolarAlignment,无参数。 [与后端对照: 是],是,src/components/AutomaticPolarAlignmentCalibration.vue,停止极轴校准。,已对照。,"QUARCS_QT-SeverProgram/src/mainwindow.cpp::MainWindow::onMessageReceived | parts[0]==""StopAutoPolarAlignment"""
110,Vue_Command,StopLoopCapture,StopLoopCapture,无参数（后端可能未匹配）。 [与后端对照: 否],否,src/components/gui.vue,停止循环拍摄。,若主窗口无同名分支则可能 Unknown。,当前 QUARCS_QT-SeverProgram/src/mainwindow.cpp::MainWindow::onMessageReceived 未匹配该命令前缀；停止逻辑可能由 StopSchedule/abort/模式切换间接完成
111,Vue_Command,StopSchedule,StopSchedule,无参数。 [与后端对照: 是],是,src/components/SchedulePanel.vue,停止计划任务并 ScheduleRunning:false。,已对照。,"QUARCS_QT-SeverProgram/src/mainwindow.cpp::MainWindow::onMessageReceived | message==""StopSchedule"""
112,Vue_Command,SwitchOutPutPower:,SwitchOutPutPower:,parts[1]: string。 [与后端对照: 是],是,src/App.vue,GPIO/电源输出开关。,已对照。,"QUARCS_QT-SeverProgram/src/mainwindow.cpp::MainWindow::onMessageReceived | parts[0]==""SwitchOutPutPower"""
113,Vue_Command,SyncFocuserStep:,SyncFocuserStep:,parts[1]: int 目标步数。 [与后端对照: 是],是,src/App.vue,将电调当前位置同步为指定步数并调整限位。,已对照。,QUARCS_QT-SeverProgram/src/mainwindow.cpp::MainWindow::onMessageReceived | 大块 SyncFocuserStep INDI/SDK
114,Vue_Command,SynchronizeTime:,SynchronizeTime:,多段：日期/时间/时区等（见源码）。 [与后端对照: 是],是,src/components/date-time-picker.vue,同步系统时间与客户端。,已对照。,"QUARCS_QT-SeverProgram/src/mainwindow.cpp::MainWindow::onMessageReceived | parts[0]==""SynchronizeTime"""
115,Vue_Command,USBCheck,USBCheck,无参数。 [与后端对照: 是],是,src/App.vue,检测 USB 存储挂载等。,已对照。,"QUARCS_QT-SeverProgram/src/mainwindow.cpp::MainWindow::onMessageReceived | message==""USBCheck"""
116,Vue_Command,UnBindingDevice:,UnBindingDevice:,parts[1]: string 设备类型。 [与后端对照: 是],是,src/components/DeviceAllocationPanel.vue,解绑设备类型。,已对照。,QUARCS_QT-SeverProgram/src/mainwindow.cpp::MainWindow::onMessageReceived | UnBindingDevice → UnBindingDevice
117,Vue_Command,WestMinutesPastMeridian:,WestMinutesPastMeridian:,parts[1]: int 分钟。 [与后端对照: 是],是,src/App.vue,子午线西侧允许分钟数。,已对照。,"QUARCS_QT-SeverProgram/src/mainwindow.cpp::MainWindow::onMessageReceived | parts[0]==""WestMinutesPastMeridian"""
118,Vue_Command,abortExposure,abortExposure,无参数。 [与后端对照: 是],是,src/components/CircularButton.vue,中止当前曝光。,已对照。,"QUARCS_QT-SeverProgram/src/mainwindow.cpp::MainWindow::onMessageReceived | message==""abortExposure"""
119,Vue_Command,autoConnectAllDevice,autoConnectAllDevice,无参数（后端可能未匹配）。 [与后端对照: 否],否,src/App.vue,上电自动连接全部设备。,若主窗口无分支则可能 Unknown。,当前 QUARCS_QT-SeverProgram/src/mainwindow.cpp::MainWindow::onMessageReceived 未匹配该命令前缀；ConnectDriver 系列通常单独连接
120,Vue_Command,connectAllDevice,connectAllDevice,无参数。 [与后端对照: 是],是,src/App.vue,连接全部设备。,已对照。,"QUARCS_QT-SeverProgram/src/mainwindow.cpp::MainWindow::onMessageReceived | message==""connectAllDevice"""
121,Vue_Command,currectLocation:,currectLocation:,parts[1]: lat; parts[2]: lon | size==3。 [与后端对照: 是],是,src/components/location-dialog.vue,手动经纬度（拼写 currect），保存并可能 setMountLocation。,已对照。,QUARCS_QT-SeverProgram/src/mainwindow.cpp::MainWindow::onMessageReceived | currectLocation size 3
122,Vue_Command,deleteSchedulePreset:,deleteSchedulePreset:,parts[1]: string 预设名。 [与后端对照: 是],是,src/components/gui.vue,删除计划任务预设名。,已对照。,QUARCS_QT-SeverProgram/src/mainwindow.cpp::MainWindow::onMessageReceived | deleteSchedulePreset → Tools::deleteSchedulePreset
123,Vue_Command,disconnectAllDevice,disconnectAllDevice,无参数。 [与后端对照: 是],是,src/App.vue,断开全部设备。,已对照。,"QUARCS_QT-SeverProgram/src/mainwindow.cpp::MainWindow::onMessageReceived | message==""disconnectAllDevice"""
124,Vue_Command,disconnectSelectDriver:,disconnectSelectDriver:,parts[1]: string。 [与后端对照: 是],是,src/App.vue,断开所选驱动实例。,已对照。,"QUARCS_QT-SeverProgram/src/mainwindow.cpp::MainWindow::onMessageReceived | parts[0]==""disconnectSelectDriver"""
125,Vue_Command,editHotspotName:,editHotspotName:,parts[1]: string。 [与后端对照: 是],是,src/components/RPI-Hotspot.vue,编辑热点名称。,已对照。,"QUARCS_QT-SeverProgram/src/mainwindow.cpp::MainWindow::onMessageReceived | parts[0]==""editHotspotName"""
126,Vue_Command,focusMove:,focusMove:,parts[1]: Left|Right。 [与后端对照: 是],是,src/components/FocuserPanel.vue,电调移动/单步/停止/速度等相关。,已对照。,QUARCS_QT-SeverProgram/src/mainwindow.cpp::MainWindow::onMessageReceived | focusMove / focusMoveStep / focusMoveStop / focusSpeed
127,Vue_Command,focusMoveStep:,focusMoveStep:,parts[1]: Left|Right; parts[2]: int 步数 | size==3。 [与后端对照: 是],是,src/components/FocuserPanel.vue,电调移动/单步/停止/速度等相关。,已对照。,QUARCS_QT-SeverProgram/src/mainwindow.cpp::MainWindow::onMessageReceived | focusMove / focusMoveStep / focusMoveStop / focusSpeed
128,Vue_Command,focusMoveStop:,focusMoveStop:false,parts[1]: bool 字符串。 [与后端对照: 是],是,src/components/FocuserPanel.vue,电调移动/单步/停止/速度等相关。,已对照。,QUARCS_QT-SeverProgram/src/mainwindow.cpp::MainWindow::onMessageReceived | focusMove / focusMoveStep / focusMoveStop / focusSpeed
129,Vue_Command,focusMoveToMax,focusMoveToMax,无参数。 [与后端对照: 是],是,src/components/FocuserPanel.vue,移动到行程最大/最小。,已对照。,QUARCS_QT-SeverProgram/src/mainwindow.cpp::MainWindow::onMessageReceived | focusMoveToMax / focusMoveToMin
130,Vue_Command,focusMoveToMin,focusMoveToMin,无参数。 [与后端对照: 是],是,src/components/FocuserPanel.vue,移动到行程最大/最小。,已对照。,QUARCS_QT-SeverProgram/src/mainwindow.cpp::MainWindow::onMessageReceived | focusMoveToMax / focusMoveToMin
131,Vue_Command,focusSetTravelRange,focusSetTravelRange,无参数。 [与后端对照: 是],是,src/components/FocuserPanel.vue,设置电调行程范围。,已对照。,QUARCS_QT-SeverProgram/src/mainwindow.cpp::MainWindow::onMessageReceived | focusSetTravelRange
132,Vue_Command,focusSpeed:,focusSpeed:,parts[1]: int 档位。 [与后端对照: 是],是,src/components/FocuserPanel.vue,电调移动/单步/停止/速度等相关。,已对照。,QUARCS_QT-SeverProgram/src/mainwindow.cpp::MainWindow::onMessageReceived | focusMove / focusMoveStep / focusMoveStop / focusSpeed
133,Vue_Command,focusSpeed:,focusSpeed:0,parts[1]: int 档位。 [与后端对照: 是],是,src/components/FocuserPanel.vue,电调移动/单步/停止/速度等相关。,已对照。,QUARCS_QT-SeverProgram/src/mainwindow.cpp::MainWindow::onMessageReceived | focusMove / focusMoveStep / focusMoveStop / focusSpeed
134,Vue_Command,getCFWList,getCFWList,无参数。 [与后端对照: 是],是,src/App.vue,读取已保存 CFW 列表。,已对照。,"QUARCS_QT-SeverProgram/src/mainwindow.cpp::MainWindow::onMessageReceived | message==""getCFWList"""
135,Vue_Command,getCaptureStatus,getCaptureStatus,无参数。 [与后端对照: 是],是,src/components/CircularButton.vue,查询主相机是否正在曝光。,已对照。,QUARCS_QT-SeverProgram/src/mainwindow.cpp::MainWindow::onMessageReceived | getCaptureStatus → CameraInExposuring
136,Vue_Command,getClientSettings,getClientSettings,无参数。 [与后端对照: 是],是,src/components/date-time-picker.vue,拉取 config.ini 客户端设置。,已对照。,"QUARCS_QT-SeverProgram/src/mainwindow.cpp::MainWindow::onMessageReceived | message==""getClientSettings"" → getClientSettings"
137,Vue_Command,getExpTimeList,getExpTimeList,无参数。 [与后端对照: 是],是,src/components/CapturePanel.vue,读取曝光列表。,已对照。,"QUARCS_QT-SeverProgram/src/mainwindow.cpp::MainWindow::onMessageReceived | message==""getExpTimeList"""
138,Vue_Command,getFocuserLoopingState,getFocuserLoopingState,无参数。 [与后端对照: 是],是,src/App.vue,查询电调循环状态。,已对照。,"QUARCS_QT-SeverProgram/src/mainwindow.cpp::MainWindow::onMessageReceived | parts[0]==""getFocuserLoopingState"""
139,Vue_Command,getFocuserMoveState:,getFocuserMoveState:,parts[1]: bool 字符串。 [与后端对照: 是],是,src/components/FocuserPanel.vue,与对焦移动完成状态联动。,已对照。,"QUARCS_QT-SeverProgram/src/mainwindow.cpp::MainWindow::onMessageReceived | parts[0]==""getFocuserMoveState"""
140,Vue_Command,getFocuserParameters,getFocuserParameters,无参数。 [与后端对照: 是],是,src/App.vue,拉取电调参数。,已对照。,"QUARCS_QT-SeverProgram/src/mainwindow.cpp::MainWindow::onMessageReceived | parts[0]==""getFocuserParameters"""
141,Vue_Command,getFocuserState,getFocuserState,无参数。 [与后端对照: 是],是,src/components/FocuserPanel.vue,拉取电调状态。,已对照。,"QUARCS_QT-SeverProgram/src/mainwindow.cpp::MainWindow::onMessageReceived | parts[0]==""getFocuserState"""
142,Vue_Command,getGPIOsStatus,getGPIOsStatus,无参数。 [与后端对照: 是],是,src/App.vue,GPIO 状态。,已对照。,"QUARCS_QT-SeverProgram/src/mainwindow.cpp::MainWindow::onMessageReceived | message==""getGPIOsStatus"""
143,Vue_Command,getGuiderStatus,getGuiderStatus,无参数。 [与后端对照: 是],是,src/components/ChartComponent.vue,导星开关/循环曝光/状态机。,已对照。,QUARCS_QT-SeverProgram/src/mainwindow.cpp::MainWindow::onMessageReceived | getGuiderStatus → GuiderSwitchStatus 等
144,Vue_Command,getHotspotName,getHotspotName,无参数。 [与后端对照: 是],是,src/components/toolbar.vue,获取热点 SSID 名。,已对照。,"QUARCS_QT-SeverProgram/src/mainwindow.cpp::MainWindow::onMessageReceived | message==""getHotspotName"""
145,Vue_Command,getLastSelectDevice,getLastSelectDevice,无参数。 [与后端对照: 是],是,src/App.vue,上次选中设备。,已对照。,"QUARCS_QT-SeverProgram/src/mainwindow.cpp::MainWindow::onMessageReceived | parts[0]==""getLastSelectDevice"""
146,Vue_Command,getMainCameraParameters,getMainCameraParameters,无参数。 [与后端对照: 是],是,src/App.vue,主相机参数汇总。,已对照。,"QUARCS_QT-SeverProgram/src/mainwindow.cpp::MainWindow::onMessageReceived | parts[0]==""getMainCameraParameters"""
147,Vue_Command,getMountParameters,getMountParameters,无参数。 [与后端对照: 是],是,src/App.vue,赤道仪参数。,已对照。,"QUARCS_QT-SeverProgram/src/mainwindow.cpp::MainWindow::onMessageReceived | parts[0]==""getMountParameters"""
148,Vue_Command,getOriginalImage,getOriginalImage,无参数。 [与后端对照: 是],是,src/components/gui.vue,取原始图。,已对照。,"QUARCS_QT-SeverProgram/src/mainwindow.cpp::MainWindow::onMessageReceived | message==""getOriginalImage"""
149,Vue_Command,getPolarAlignmentState,getPolarAlignmentState,无参数。 [与后端对照: 是],是,src/App.vue,极轴校准状态轮询。,已对照。,QUARCS_QT-SeverProgram/src/mainwindow.cpp::MainWindow::onMessageReceived | PolarAlignmentState:…
150,Vue_Command,getQTClientVersion,getQTClientVersion,无参数。 [与后端对照: 是],是,src/App.vue,Qt 客户端版本。,已对照。,"QUARCS_QT-SeverProgram/src/mainwindow.cpp::MainWindow::onMessageReceived | message==""getQTClientVersion"""
151,Vue_Command,getROIInfo,getROIInfo,无参数。 [与后端对照: 是],是,src/App.vue,ROI 信息。,已对照。,"QUARCS_QT-SeverProgram/src/mainwindow.cpp::MainWindow::onMessageReceived | parts[0]==""getROIInfo"""
152,Vue_Command,getStagingGuiderData,getStagingGuiderData,无参数。 [与后端对照: 是],是,src/components/Chart-Line.vue,暂存导星曲线数据（PHD2 路径已禁用）。,已对照。,QUARCS_QT-SeverProgram/src/mainwindow.cpp::MainWindow::onMessageReceived | getStagingGuiderData（内部 #if 0）
153,Vue_Command,getStagingScheduleData,getStagingScheduleData,无参数。 [与后端对照: 是],是,src/App.vue,拉取暂存计划表。,已对照。,QUARCS_QT-SeverProgram/src/mainwindow.cpp::MainWindow::onMessageReceived | getStagingScheduleData
154,Vue_Command,getStagingSolveResult,getStagingSolveResult,无参数。 [与后端对照: 是],是,src/App.vue,拉取 plate solve 结果。,已对照。,"QUARCS_QT-SeverProgram/src/mainwindow.cpp::MainWindow::onMessageReceived | message==""getStagingSolveResult"""
155,Vue_Command,getTotalVersion,getTotalVersion,无参数。 [与后端对照: 是],是,src/App.vue,总版本号。,已对照。,"QUARCS_QT-SeverProgram/src/mainwindow.cpp::MainWindow::onMessageReceived | message==""getTotalVersion"""
156,Vue_Command,listSchedulePresets,listSchedulePresets,无参数。 [与后端对照: 是],是,src/components/SchedulePanel.vue,列出计划预设名。,已对照。,QUARCS_QT-SeverProgram/src/mainwindow.cpp::MainWindow::onMessageReceived | SchedulePresetList
157,Vue_Command,loadBindDeviceList,loadBindDeviceList,无参数。 [与后端对照: 是],是,src/App.vue,加载可绑定设备列表。,已对照。,"QUARCS_QT-SeverProgram/src/mainwindow.cpp::MainWindow::onMessageReceived | message==""loadBindDeviceList"""
158,Vue_Command,loadBindDeviceTypeList,loadBindDeviceTypeList,无参数。 [与后端对照: 是],是,src/App.vue,加载设备类型列表。,已对照。,"QUARCS_QT-SeverProgram/src/mainwindow.cpp::MainWindow::onMessageReceived | message==""loadBindDeviceTypeList"""
159,Vue_Command,loadSDKVersionAndUSBSerialPath,loadSDKVersionAndUSBSerialPath,无参数。 [与后端对照: 是],是,src/App.vue,SDK 与 USB 串口路径信息。,已对照。,QUARCS_QT-SeverProgram/src/mainwindow.cpp::MainWindow::onMessageReceived | loadSDKVersionAndUSBSerialPath
160,Vue_Command,loadSchedulePreset:,loadSchedulePreset:,parts[1]: string 预设名。 [与后端对照: 是],是,src/components/SchedulePanel.vue,加载某预设到 StagingScheduleData。,已对照。,QUARCS_QT-SeverProgram/src/mainwindow.cpp::MainWindow::onMessageReceived | loadSchedulePreset
161,Vue_Command,loadSelectedDriverList,loadSelectedDriverList,无参数。 [与后端对照: 是],是,src/App.vue,加载已选驱动列表。,已对照。,"QUARCS_QT-SeverProgram/src/mainwindow.cpp::MainWindow::onMessageReceived | message==""loadSelectedDriverList"""
162,Vue_Command,localMessage,localMessage,无参请求回推；或整段 localMessage:…（见后端分支）。 [与后端对照: 是],是,src/App.vue,无参：请求后端回推缓存的 localMessage:纬度:经度:语言。,已对照。,QUARCS_QT-SeverProgram/src/mainwindow.cpp::MainWindow::onMessageReceived | parts[0]==localMessage 且 parts.size()<4 → emit localMessage:lat:lon:lang
163,Vue_Command,localMessage:,localMessage:,"parts[1..3]: lat,lon,lang 等 | size>=4。 [与后端对照: 是]",是,src/components/location-dialog.vue,带经纬与语言等多段时写入 ClientLanguage/缓存并回显；见 location-dialog。,已对照。,QUARCS_QT-SeverProgram/src/mainwindow.cpp::MainWindow::onMessageReceived | parts[0]==localMessage 且 parts.size()>=4 → setClientSettings + emit
164,Vue_Command,netMode:,netMode:ap,parts[1]: ap|wan 等。 [与后端对照: 是],是,src/components/RPI-Hotspot.vue,切换 AP/WAN 网络模式。,已对照。,"QUARCS_QT-SeverProgram/src/mainwindow.cpp::MainWindow::onMessageReceived | parts[0]==""netMode"""
165,Vue_Command,netMode:,netMode:wan,parts[1]: ap|wan 等。 [与后端对照: 是],是,src/components/RPI-Hotspot.vue,切换 AP/WAN 网络模式。,已对照。,"QUARCS_QT-SeverProgram/src/mainwindow.cpp::MainWindow::onMessageReceived | parts[0]==""netMode"""
166,Vue_Command,netStatus,netStatus,无参数。 [与后端对照: 是],是,src/components/RPI-Hotspot.vue,网络状态查询。,已对照。,"QUARCS_QT-SeverProgram/src/mainwindow.cpp::MainWindow::onMessageReceived | message==""netStatus"""
167,Vue_Command,reGetLocation,reGetLocation,无参数。 [与后端对照: 是],是,src/components/location-dialog.vue,重新获取定位。,已对照。,"QUARCS_QT-SeverProgram/src/mainwindow.cpp::MainWindow::onMessageReceived | parts[0]==""reGetLocation"""
168,Vue_Command,saveSchedulePreset:,saveSchedulePreset:,saveSchedulePreset:name:rawData（rawData 可含 ':'，后端 slice 拼接）。 [与后端对照: 是],是,src/components/SchedulePanel.vue,保存计划预设。,已对照。,QUARCS_QT-SeverProgram/src/mainwindow.cpp::MainWindow::onMessageReceived | saveSchedulePreset rawData 可含 ':'
169,Vue_Command,saveToConfigFile:,saveToConfigFile:CalibrationDuration:,parts[1]: string 配置键（如 …）; parts[2]: string 值 | 若 Value 内含 ':' 会与 split 冲突，以 MainWindow 三分支为准。 [与后端对照: 是],是,src/App.vue,持久化客户端配置项（见第二段键名）到 config.ini，并执行 setClientSettings。,已对照。,QUARCS_QT-SeverProgram/src/mainwindow.cpp::MainWindow::onMessageReceived | saveToConfigFile → setClientSettings；Coordinates 会 setMountLocation
170,Vue_Command,saveToConfigFile:,saveToConfigFile:ClientLanguage:,parts[1]: string 配置键（如 …）; parts[2]: string 值 | 若 Value 内含 ':' 会与 split 冲突，以 MainWindow 三分支为准。 [与后端对照: 是],是,src/components/view-settings-dialog.vue,持久化客户端配置项（见第二段键名）到 config.ini，并执行 setClientSettings。,已对照。,QUARCS_QT-SeverProgram/src/mainwindow.cpp::MainWindow::onMessageReceived | saveToConfigFile → setClientSettings；Coordinates 会 setMountLocation
171,Vue_Command,saveToConfigFile:,saveToConfigFile:Coordinates:,parts[1]: string 配置键（如 …）; parts[2]: string 值 | 若 Value 内含 ':' 会与 split 冲突，以 MainWindow 三分支为准。 [与后端对照: 是],是,src/components/location-dialog.vue,持久化客户端配置项（见第二段键名）到 config.ini，并执行 setClientSettings。,已对照。,QUARCS_QT-SeverProgram/src/mainwindow.cpp::MainWindow::onMessageReceived | saveToConfigFile → setClientSettings；Coordinates 会 setMountLocation
172,Vue_Command,saveToConfigFile:,saveToConfigFile:DecAggression:,parts[1]: string 配置键（如 …）; parts[2]: string 值 | 若 Value 内含 ':' 会与 split 冲突，以 MainWindow 三分支为准。 [与后端对照: 是],是,src/App.vue,持久化客户端配置项（见第二段键名）到 config.ini，并执行 setClientSettings。,已对照。,QUARCS_QT-SeverProgram/src/mainwindow.cpp::MainWindow::onMessageReceived | saveToConfigFile → setClientSettings；Coordinates 会 setMountLocation
173,Vue_Command,saveToConfigFile:,saveToConfigFile:FocalLength:,parts[1]: string 配置键（如 …）; parts[2]: string 值 | 若 Value 内含 ':' 会与 split 冲突，以 MainWindow 三分支为准。 [与后端对照: 是],是,src/components/gui.vue,持久化客户端配置项（见第二段键名）到 config.ini，并执行 setClientSettings。,已对照。,QUARCS_QT-SeverProgram/src/mainwindow.cpp::MainWindow::onMessageReceived | saveToConfigFile → setClientSettings；Coordinates 会 setMountLocation
174,Vue_Command,saveToConfigFile:,saveToConfigFile:GuiderDecGuideDir:,parts[1]: string 配置键（如 …）; parts[2]: string 值 | 若 Value 内含 ':' 会与 split 冲突，以 MainWindow 三分支为准。 [与后端对照: 是],是,src/App.vue,持久化客户端配置项（见第二段键名）到 config.ini，并执行 setClientSettings。,已对照。,QUARCS_QT-SeverProgram/src/mainwindow.cpp::MainWindow::onMessageReceived | saveToConfigFile → setClientSettings；Coordinates 会 setMountLocation
175,Vue_Command,saveToConfigFile:,saveToConfigFile:GuiderFocalLength:,parts[1]: string 配置键（如 …）; parts[2]: string 值 | 若 Value 内含 ':' 会与 split 冲突，以 MainWindow 三分支为准。 [与后端对照: 是],是,src/App.vue,持久化客户端配置项（见第二段键名）到 config.ini，并执行 setClientSettings。,已对照。,QUARCS_QT-SeverProgram/src/mainwindow.cpp::MainWindow::onMessageReceived | saveToConfigFile → setClientSettings；Coordinates 会 setMountLocation
176,Vue_Command,saveToConfigFile:,saveToConfigFile:GuiderGain:,parts[1]: string 配置键（如 …）; parts[2]: string 值 | 若 Value 内含 ':' 会与 split 冲突，以 MainWindow 三分支为准。 [与后端对照: 是],是,src/App.vue,持久化客户端配置项（见第二段键名）到 config.ini，并执行 setClientSettings。,已对照。,QUARCS_QT-SeverProgram/src/mainwindow.cpp::MainWindow::onMessageReceived | saveToConfigFile → setClientSettings；Coordinates 会 setMountLocation
177,Vue_Command,saveToConfigFile:,saveToConfigFile:GuiderPixelSize:,parts[1]: string 配置键（如 …）; parts[2]: string 值 | 若 Value 内含 ':' 会与 split 冲突，以 MainWindow 三分支为准。 [与后端对照: 是],是,src/App.vue,持久化客户端配置项（见第二段键名）到 config.ini，并执行 setClientSettings。,已对照。,QUARCS_QT-SeverProgram/src/mainwindow.cpp::MainWindow::onMessageReceived | saveToConfigFile → setClientSettings；Coordinates 会 setMountLocation
178,Vue_Command,saveToConfigFile:,saveToConfigFile:GuiderRaGuideDir:,parts[1]: string 配置键（如 …）; parts[2]: string 值 | 若 Value 内含 ':' 会与 split 冲突，以 MainWindow 三分支为准。 [与后端对照: 是],是,src/App.vue,持久化客户端配置项（见第二段键名）到 config.ini，并执行 setClientSettings。,已对照。,QUARCS_QT-SeverProgram/src/mainwindow.cpp::MainWindow::onMessageReceived | saveToConfigFile → setClientSettings；Coordinates 会 setMountLocation
179,Vue_Command,saveToConfigFile:,saveToConfigFile:HighFPSMode:,parts[1]: string 配置键（如 …）; parts[2]: string 值 | 若 Value 内含 ':' 会与 split 冲突，以 MainWindow 三分支为准。 [与后端对照: 是],是,src/components/view-settings-dialog.vue,持久化客户端配置项（见第二段键名）到 config.ini，并执行 setClientSettings。,已对照。,QUARCS_QT-SeverProgram/src/mainwindow.cpp::MainWindow::onMessageReceived | saveToConfigFile → setClientSettings；Coordinates 会 setMountLocation
180,Vue_Command,saveToConfigFile:,saveToConfigFile:MultiStarGuider:,parts[1]: string 配置键（如 …）; parts[2]: string 值 | 若 Value 内含 ':' 会与 split 冲突，以 MainWindow 三分支为准。 [与后端对照: 是],是,src/App.vue,持久化客户端配置项（见第二段键名）到 config.ini，并执行 setClientSettings。,已对照。,QUARCS_QT-SeverProgram/src/mainwindow.cpp::MainWindow::onMessageReceived | saveToConfigFile → setClientSettings；Coordinates 会 setMountLocation
181,Vue_Command,saveToConfigFile:,saveToConfigFile:RaAggression:,parts[1]: string 配置键（如 …）; parts[2]: string 值 | 若 Value 内含 ':' 会与 split 冲突，以 MainWindow 三分支为准。 [与后端对照: 是],是,src/App.vue,持久化客户端配置项（见第二段键名）到 config.ini，并执行 setClientSettings。,已对照。,QUARCS_QT-SeverProgram/src/mainwindow.cpp::MainWindow::onMessageReceived | saveToConfigFile → setClientSettings；Coordinates 会 setMountLocation
182,Vue_Command,saveToConfigFile:,saveToConfigFile:isAutoLocation:,parts[1]: string 配置键（如 …）; parts[2]: string 值 | 若 Value 内含 ':' 会与 split 冲突，以 MainWindow 三分支为准。 [与后端对照: 是],是,src/components/location-dialog.vue,持久化客户端配置项（见第二段键名）到 config.ini，并执行 setClientSettings。,已对照。,QUARCS_QT-SeverProgram/src/mainwindow.cpp::MainWindow::onMessageReceived | saveToConfigFile → setClientSettings；Coordinates 会 setMountLocation
183,Vue_Command,sendRedBoxState:,sendRedBoxState:,"parts[1..3]: 边长,x,y | size==4。 [与后端对照: 是]",是,src/App.vue,向前端同步红框状态。,已对照。,QUARCS_QT-SeverProgram/src/mainwindow.cpp::MainWindow::onMessageReceived | sendRedBoxState size 4
184,Vue_Command,sendSelectStars:,sendSelectStars:,parts[1..2]: string | size==3。 [与后端对照: 是],是,src/App.vue,选星坐标。,已对照。,QUARCS_QT-SeverProgram/src/mainwindow.cpp::MainWindow::onMessageReceived | sendSelectStars size 3
185,Vue_Command,sendVisibleArea:,sendVisibleArea:,"parts[1..3] 或含 fov：x,y,scale[,fov] | size 4 或 5。 [与后端对照: 是]",是,src/App.vue,Stellarium 视口可见区域与 scale。,已对照。,QUARCS_QT-SeverProgram/src/mainwindow.cpp::MainWindow::onMessageReceived | sendVisibleArea 4 或 5 段
186,Vue_Command,setExposureTime:,setExposureTime:,parts[1]: int ms。 [与后端对照: 是],是,src/components/gui.vue,设置主相机曝光毫秒（未立即拍摄）。,已对照。,"QUARCS_QT-SeverProgram/src/mainwindow.cpp::MainWindow::onMessageReceived | parts[0]==""setExposureTime"""
187,Vue_Command,setROIPosition:,setROIPosition:,parts[1]: double ROI_x; parts[2]: double ROI_y | size==3。 [与后端对照: 是],是,src/components/gui.vue,ROI 中心坐标。,已对照。,QUARCS_QT-SeverProgram/src/mainwindow.cpp::MainWindow::onMessageReceived | setROIPosition → roiAndFocuserInfo
188,Vue_Command,showRoiImageSuccess:,showRoiImageSuccess:false,parts[1]: bool 字符串。 [与后端对照: 是],是,src/App.vue,ROI 成像成功反馈（曾关联 focus loop）。,已对照。,QUARCS_QT-SeverProgram/src/mainwindow.cpp::MainWindow::onMessageReceived | showRoiImageSuccess 当前多为日志
189,Vue_Command,showRoiImageSuccess:,showRoiImageSuccess:true,parts[1]: bool 字符串。 [与后端对照: 是],是,src/App.vue,ROI 成像成功反馈（曾关联 focus loop）。,已对照。,QUARCS_QT-SeverProgram/src/mainwindow.cpp::MainWindow::onMessageReceived | showRoiImageSuccess 当前多为日志
190,Vue_Command,startAutoFlip,startAutoFlip,无参数（后端可能未匹配）。 [与后端对照: 否],否,src/components/MeridianFlipNotifier.vue,触发自动翻转流程。,若主窗口无同名则可能 Unknown。,当前 QUARCS_QT-SeverProgram/src/mainwindow.cpp::MainWindow::onMessageReceived 未匹配该命令前缀；与 AutoFlip: 设置配合使用
191,Vue_Command,takeExposure:,takeExposure:,parts[1]: int 曝光 ms。 [与后端对照: 是],是,src/components/CircularButton.vue,主相机单次/连拍曝光。,已对照。,QUARCS_QT-SeverProgram/src/mainwindow.cpp::MainWindow::onMessageReceived | takeExposure / takeExposureBurst
192,Vue_Command,takeExposureBurst:,takeExposureBurst:,parts[1]: int ms; parts[2]: int 帧数 | size==3。 [与后端对照: 是],是,src/components/CircularButton.vue,主相机单次/连拍曝光。,已对照。,QUARCS_QT-SeverProgram/src/mainwindow.cpp::MainWindow::onMessageReceived | takeExposure / takeExposureBurst
193,Vue_Command,wifiSaveB64|,wifiSaveB64|,整段：wifiSaveB64| + Base64(JSON)，非 ':' 主解析。 [与后端对照: 是],是,src/components/RPI-Hotspot.vue,Base64 编码的 WiFi 配置 JSON。,已对照。,QUARCS_QT-SeverProgram/src/mainwindow.cpp::MainWindow::onMessageReceived | message.startsWith wifiSaveB64| → runSudo/nmcli 等
194,Vue_Command,wifiScan,wifiScan,无参数。 [与后端对照: 是],是,src/components/RPI-Hotspot.vue,扫描 WiFi。,已对照。,"QUARCS_QT-SeverProgram/src/mainwindow.cpp::MainWindow::onMessageReceived | message==""wifiScan"""
